cropsys,response,SE,df,lower.CL,upper.CL,CL
Grain,0.7933548494387109,0.14244346655430565,16,0.5636007271465211,1.1167691715278596,92.5%
Silage,0.3800102566367707,0.11001630282446144,16,0.21895396616331353,0.6595349592408541,92.5%
Grain,0.7933548494387109,0.14244346655430565,16,0.5422085350406328,1.1608299693783903,95%
Silage,0.3800102566367707,0.11001630282446144,16,0.20570992865390453,0.701997205939935,95%
