cc_trt,site_sys,rate,std.error,df,asymp.LCL,asymp.UCL,model
no,Boyd_grain,19.51356734893274,4.468796730581315,Inf,12.456706694295121,30.568216786843173,pois
rye,Boyd_grain,26.816088321118915,6.054380069823694,Inf,17.22725593615029,41.74214370015016,pois
no,Boyd_silage,73.49406803046087,21.753081556918527,Inf,41.144339524375155,131.2787639346129,pois
rye,Boyd_silage,28.54814598356555,8.647993726935418,Inf,15.76617314973605,51.692736808019525,pois
no,Funcke_grain,411.67447046577075,140.6755206787804,Inf,210.71004026192128,804.3084678006195,pois
rye,Funcke_grain,202.0739162821829,78.57228904548631,Inf,94.30571961014847,432.99460319503703,pois
no,Stout_grain,27.796276548735182,9.933678470893312,Inf,13.79713640879706,55.999518094286195,pois
rye,Stout_grain,18.172830442373634,6.626038543020572,Inf,8.893321106970955,37.13480738128266,pois
