level1,level2,site_sys,estimate,std.error,df,z.ratio,p.value,model
ccrye,no,Boyd_B42_grain,0.850792438781683,0.34057112185486516,Inf,2.498134410656959,0.012484884586848492,pois
ccrye,no,Boyd_B44_grain,-0.18305754942042607,0.32949370852055365,Inf,-0.5555722148455136,0.5785033301949329,pois
ccrye,no,Boyd_B44_silage,-0.9452434109103727,0.3191619738652737,Inf,-2.9616417001775526,0.0030600365113283606,pois
ccrye,no,Funcke_F_grain,-0.707708131290441,0.38089152564511713,Inf,-1.8580306560819213,0.06316466102941169,pois
ccrye,no,Stout_S_grain,-0.4247713942613134,0.3756414608233041,Inf,-1.130789432376101,0.25814372884798514,pois
