level1,level2,site_sys,estimate,std.error,df,z.ratio,p.value,model
ccrye,no,Boyd_B42_grain,0.8458845978192613,0.3545372089961785,Inf,2.385883840554459,0.017038131731859536,pois_full
ccrye,no,Boyd_B44_grain,-0.17847743029811025,0.34378095084334676,Inf,-0.5191603253766042,0.6036489434495962,pois_full
ccrye,no,Boyd_B44_silage,-0.9455243532061322,0.3337831800989281,Inf,-2.8327501491414084,0.0046149441776727465,pois_full
ccrye,no,Funcke_F_grain,-0.35744986322855277,0.35797260979500134,Inf,-0.9985397023343547,0.3180177224262051,pois_full
ccrye,no,Stout_S_grain,-0.42606966071159813,0.39165836314000824,Inf,-1.0878604947835333,0.2766566984585654,pois_full
