cc_trt,site_sys,estimate,std.error,df,asymp.LCL,asymp.UCL,model
ccrye,Boyd_grain,3.289020033234873,0.2257849741613655,Inf,2.8464896156282897,3.731550450841456,pois
no,Boyd_grain,2.971133990874244,0.22902056554084393,Inf,2.522261930695195,3.420006051053293,pois
ccrye,Boyd_silage,3.3516357830320134,0.30293763786555017,Inf,2.7578889232538977,3.945382642810129,pois
no,Boyd_silage,4.297170735526453,0.2959949173293868,Inf,3.717031357953944,4.877310113098961,pois
ccrye,Funcke_grain,5.308619887467569,0.3888477395540467,Inf,4.546492322471827,6.070747452463311,pois
no,Funcke_grain,6.020171566576846,0.3417336916910228,Inf,5.350385838558527,6.689957294595166,pois
ccrye,Stout_grain,2.8998668931141793,0.36463000383209726,Inf,2.1852052179205668,3.614528568307792,pois
no,Stout_grain,3.324946324745389,0.35739206914067656,Inf,2.6244707408694143,4.025421908621364,pois
