cc_trt,site_sys,estimate,std.error,df,asymp.LCL,asymp.UCL,model
ccrye,Boyd_grain,3.2859766461613082,0.2335314674295569,Inf,2.8282633807425883,3.743689911580028,pois_full
no,Boyd_grain,2.967315478703972,0.2366931511902164,Inf,2.5034054269838544,3.43122553042409,pois_full
ccrye,Boyd_silage,3.3490499269022203,0.3130022986242186,Inf,2.735576694520501,3.9625231592839394,pois_full
no,Boyd_silage,4.29493914455659,0.3062722681154801,Inf,3.694656529586854,4.895221759526326,pois_full
ccrye,Funcke_grain,5.662235515486243,0.3550222889949473,Inf,4.966404615347176,6.35806641562531,pois_full
no,Funcke_grain,6.020104106548998,0.35443670454617715,Inf,5.325420930839427,6.714787282258569,pois_full
ccrye,Stout_grain,2.8951339548407775,0.37680341058721456,Inf,2.1566128408379788,3.6336550688435763,pois_full
no,Stout_grain,3.3212347022647877,0.3696850854282941,Inf,2.5966652492037183,4.0458041553258575,pois_full
