cc_trt,site_sys,rate,std.error,df,asymp.LCL,asymp.UCL,model
ccrye,Boyd_grain,26.735082284056624,6.243482997645693,Inf,16.91605854861609,42.25361497071394,pois_full
no,Boyd_grain,19.439663295733364,4.601235163543917,Inf,12.224051274405184,30.914506211433693,pois_full
ccrye,Boyd_silage,28.475666823084204,8.912949170482756,Inf,15.418632713483614,52.58985125900283,pois_full
no,Boyd_silage,73.32775191638372,22.458256895240083,Inf,40.23175179817962,133.64964140969886,pois_full
ccrye,Funcke_grain,287.7912858452188,102.17232105356875,Inf,143.50998509854452,577.1293485367692,pois_full
no,Funcke_grain,411.6214459843658,145.89374883523087,Inf,205.49484137834378,824.5083606858652,pois_full
ccrye,Stout_grain,18.08592397606552,6.814837837802564,Inf,8.641816820304033,37.85091177812233,pois_full
no,Stout_grain,27.694523948635844,10.238252451847378,Inf,13.41891460289497,57.157130769436186,pois_full
