level1,level2,site_sys,estimate,std.error,df,z.ratio,p.value,model
ccrye,no,Central_B42_grain,0.8507929275594903,0.3405713594876192,Inf,2.4981341027603916,0.01248489543110051,pois
ccrye,no,Central_B44_grain,-0.18305739454556935,0.3294936763449551,Inf,-0.5555717990591177,0.5785036145006641,pois
ccrye,no,Central_B44_silage,-0.9452428345090529,0.3191618206380519,Inf,-2.9616413160551978,0.003060040328499352,pois
ccrye,no,East_S_grain,-0.4247697589845436,0.37564166821867007,Inf,-1.130784454767342,0.2581458244035375,pois
ccrye,no,West_F_grain,-0.707707513607672,0.38089148605288586,Inf,-1.858029227540698,0.06316486388211051,pois
