contrast,site_sys,ratio,std.error,df,z.ratio,p.value,model,SE,asymp.LCL,asymp.UCL
ccrye / no,Central_B42_grain,2.3415027580966936,0.7974487775690009,Inf,2.4981341027603916,0.01248489543110051,pois,0.7974487775690009,1.337233451956269,4.099983557959721
ccrye / no,Central_B44_grain,0.8327203607588265,0.274376093033723,Inf,-0.5555717990591177,0.5785036145006641,pois,0.274376093033723,0.484311849238848,1.431770047154751
ccrye / no,Central_B44_silage,0.3885851975479915,0.12402155912241401,Inf,-2.9616413160551978,0.003060040328499352,pois,0.12402155912241401,0.22987552487135096,0.6568705208521756
ccrye / no,East_S_grain,0.6539203270788508,0.2456397225459979,Inf,-1.130784454767342,0.2581458244035375,pois,0.2456397225459979,0.35252091703351984,1.2130111250285083
ccrye / no,West_F_grain,0.4927725779978414,0.18769287951970942,Inf,-1.858029227540698,0.06316486388211051,pois,0.18769287951970942,0.2633639782347355,0.922012248046351
