contrast,site_sys,ratio,std.error,df,z.ratio,p.value,model,SE,asymp.LCL,asymp.UCL
ccrye / no,Boyd_B42_grain,2.3300380497737296,0.826085187021677,Inf,2.385883840554459,0.017038131731859536,pois_full,0.826085187021677,1.3004661585771173,4.174716333513436
ccrye / no,Boyd_B44_grain,0.8365429371890405,0.28758752636813445,Inf,-0.5191603253766042,0.6036489434495962,pois_full,0.28758752636813445,0.4752345657673798,1.4725445836012916
ccrye / no,Boyd_B44_silage,0.38847581894625655,0.12966669423941693,Inf,-2.8327501491414084,0.0046149441776727465,pois_full,0.12966669423941693,0.22434980233716884,0.6726703582255055
ccrye / no,Funcke_F_grain,0.6994577666178137,0.25038672215756175,Inf,-0.9985397023343547,0.3180177224262051,pois_full,0.25038672215756175,0.3881892079757583,1.2603162510188386
ccrye / no,Stout_S_grain,0.6530708471561513,0.2557806590116367,Inf,-1.0878604947835333,0.2766566984585654,pois_full,0.2557806590116367,0.3429089428337221,1.2437748863612035
