contrast,site_sys,ratio,std.error,df,z.ratio,p.value,model,SE,asymp.LCL,asymp.UCL
ccrye / no,Boyd_B42_grain,2.3415016136223894,0.7974478313763542,Inf,2.498134410656959,0.012484884586848492,pois,0.7974478313763542,1.3372333210321476,4.0999799514152615
ccrye / no,Boyd_B44_grain,0.8327202317913899,0.2743760773330401,Inf,-0.5555722148455136,0.5785033301949329,pois,0.2743760773330401,0.48431174859933723,1.4317699011847902
ccrye / no,Boyd_B44_silage,0.3885849735670353,0.12402154717804019,Inf,-2.9616417001775526,0.0030600365113283606,pois,0.12402154717804019,0.22987533443388536,0.6568703077864244
ccrye / no,Funcke_F_grain,0.492772273620805,0.18769278309504153,Inf,-1.8580306560819213,0.06316466102941169,pois,0.18769278309504153,0.2633637984082412,0.9220117385800091
ccrye / no,Stout_S_grain,0.65391925773900506,0.24563918523757056,Inf,-1.130789432376101,0.25814372884798514,pois,0.24563918523757056,0.35252046082177857,1.2130087276213888
