level1,level2,site_sys,estimate,std.error,df,z.ratio,p.value,model
no,rye,Boyd_grain,-0.3178920327684394,0.26082309657479225,Inf,-1.2188032307839822,0.22291888498072931,pois
no,rye,Boyd_silage,0.9456127011795328,0.35489706730045306,Inf,2.664470316343822,0.007710967133130672,pois
no,rye,Funcke_grain,0.7115993641542759,0.42458613310795196,Inf,1.675983525287083,0.09374141963743463,pois
no,rye,Stout_grain,0.4249744287693578,0.4143481943133251,Inf,1.025645663724064,0.305058635006434,pois
