contrast,site_sys,ratio,std.error,df,z.ratio,p.value,model
no / rye,Boyd_grain,0.7276813499142939,0.18979610300437105,Inf,-1.2188032307839822,0.22291888498072931,pois
no / rye,Boyd_silage,2.5743902273993386,0.9136435417909717,Inf,2.664470316343822,0.007710967133130672,pois
no / rye,Funcke_grain,2.037246954183314,0.8649868064626461,Inf,1.675983525287083,0.09374141963743463,pois
no / rye,Stout_grain,1.5295513066540554,0.6337668220216949,Inf,1.025645663724064,0.305058635006434,pois
