contrast,site_sys,ratio,std.error,df,statistic,p.value
aryecc / none,Boyd_grain,1.3951044215123811,0.40314014143659677,22.363054954926543,1.1522715014429596,0.26137896675752603
aryecc / none,Boyd_silage,0.3903827693081265,0.15953462914137848,22.363054954926493,-2.3017246743693747,0.031027114444891635
aryecc / none,Funcke_grain,0.49104036794026346,0.25045066002127614,24.877052073498014,-1.3944547791163833,0.17550971934995643
aryecc / none,Stout_grain,0.6393175101489006,0.29210294289856714,22.363054954926493,-0.9791112757965236,0.33799914788458996
