location,crop_sys,ccbio_mean,ccbio_med,ccbio_var,ccbio_cv,ccbio_max,nabove1,nabove2,shan,shan_hill
boyd,grain,1.018391540819378,0.8630526315789474,0.8357603349398123,0.8206670042323563,2.7573684210526315,4,2,1.9356121792876242,6.928284109439796
boyd,silage,1.991010341905901,1.7212894736842108,0.9747303460968516,0.48956568711932846,4.231315789473684,10,4,2.098314393062103,8.152416554541253
funcke,grain,0.4532442417448022,0.1373318385650224,0.6792460539096827,1.4986314030044097,2.108744394618834,2,1,1.472408003588289,4.359720734495329
stout,grain,1.3162505231689088,0.4328531390134529,2.2102315543057403,1.6791875979540338,7.301473094170403,3,2,1.4307838765941214,4.181976060576195
