cc_trt2,site_sys,response,std.error,df,conf.low,conf.high
aryecc,Boyd_grain,506.4068519693625,129.70415434502664,30.199056983749376,300.1868433688884,854.2942683413363
none,Boyd_grain,362.98849330603207,92.97092916128759,30.19905698374953,215.17159485701225,612.351487937532
aryecc,Boyd_silage,548.9570033360385,191.9132492230088,36.8823361574524,270.31684463497777,1114.8169176013294
none,Boyd_silage,1406.2019292218058,491.60276608298,36.8823361574524,692.440511946926,2855.702160157105
aryecc,Funcke_grain,3944.3113849598485,1830.5499786574578,33.54396583671165,1535.1678493398365,10134.131136353632
none,Funcke_grain,8032.560340211553,3252.9569376461754,30.19905698374953,3513.701360669042,18362.979375929073
aryecc,Stout_grain,334.3621399947041,135.40709274688732,30.19905698374953,146.26080060354238,764.3745979818627
none,Stout_grain,522.9985643859955,211.79944330845916,30.19905698374953,228.77646596833753,1195.6102966800272
