mod,site_sys,cc_trt2,totseeds_m2,std.error,df,conf.low,conf.high
lmersqrt,Boyd_grain,aryecc,599.1268578756998,163.09862332004576,32.6906185647577,313.15950596700753,977.051477195163
lmersqrt,Boyd_grain,none,420.2632987872005,136.60029381062557,32.69061856475776,188.22659280965638,744.2572721755156
lmersqrt,Boyd_silage,aryecc,622.5509706717048,232.50791834488882,36.98807760580583,240.56749293230573,1182.7893279864509
lmersqrt,Boyd_silage,none,1668.7255460475722,380.6648248149508,36.98807760580583,986.5443948614188,2529.161576809073
lmersqrt,Funcke_grain,aryecc,4001.5525386990234,769.7009986370499,34.90708660048648,2591.40032700403,5716.849909654732
lmersqrt,Funcke_grain,none,8113.5055224660255,948.9977293253049,32.69061856475783,6297.007314652616,10159.896898806363
lmersqrt,Stout_grain,aryecc,401.2085926851723,211.03088396101802,32.69061856475776,86.65520113344753,945.6551527638246
lmersqrt,Stout_grain,none,635.2618296127824,265.54448477606724,32.69061856475776,209.75979494213175,1290.6570328103605
