mod,site_sys,cc_trt2,totseeds,totseeds_m2,std.error,df,conf.low,conf.high
lmersqrt,Boyd_grain,aryecc,30.73768355614688,599.1268578756913,8.36763334201953,32.69061856462653,16.066376712160743,50.126778209528084
lmersqrt,Boyd_grain,none,21.561243864423055,420.26329878719844,7.008159540234306,32.69061856462653,9.656802012084698,38.18347352615649
lmersqrt,Boyd_silage,aryecc,31.93943733706805,622.5509706715804,11.928616993939817,36.988077605803575,12.342106474522524,60.68198011708886
lmersqrt,Boyd_silage,none,85.61251611775485,1668.725546047369,19.529678518506863,36.98807760580373,50.61380411296904,129.75644004001595
lmersqrt,Funcke_grain,aryecc,205.2961806853037,4001.552538700306,39.48884183370243,34.907086600419234,132.9495451116533,293.29802386776817
lmersqrt,Funcke_grain,none,416.2563604056543,8113.505522466029,48.687505018488594,32.69061856462659,323.0624961043401,521.2446942304562
lmersqrt,Stout_grain,aryecc,20.583658702415537,401.2085926851722,10.826756381401363,32.69061856462653,4.445769899835439,48.51601702848332
lmersqrt,Stout_grain,none,32.59155692530814,635.2618296127821,13.623529367513301,32.69061856462653,10.761544262233173,66.21603911187078
