level1,level2,site_sys,pois,pois_full,binom,binom_full
no,rye,Boyd_grain,-0.3178920327684394,-0.31865309455566604,-0.32856444692080855,-0.3255386903306431
no,rye,Boyd_silage,0.9456127011795328,0.945852625850202,1.0249758786987,1.0258705756633897
no,rye,Funcke_grain,0.7115993641542759,0.35788685732734615,0.7074960073029616,0.27783520949507123
no,rye,Stout_grain,0.4249744287693578,0.42616718215752325,0.44571965256170687,0.4450427818658266
