site_sys,yr_span,nabove1,ccbio_mean,ccbio_med,ccbio_var,ccbio_cv,ccbio_max,ccbio_stab
Boyd_grain,5yr,3,1.7212214740953948,1.756916632401316,0.9120261032177583,0.5298714412664894,2.7573684210526315,0.554838869938371
Boyd_silage,5yr,4,2.564156729714912,2.133116091008772,1.2706723910584452,0.4955517641855383,4.231315789473684,0.43961472390147815
Funcke_grain,5yr,0,0.24125168161434973,0.09225056053811657,0.07828373993922057,0.324489924444797,0.6277970852017937,1.159752810233611
Stout_grain,5yr,1,1.732015246636771,0.35646860986547085,9.706447487545995,5.604135128945305,7.301473094170403,1.7987816310098492
Boyd_grain,10yr,4,1.0311622738486843,0.7383684210526316,0.7741125884617147,0.7507184931935458,2.7573684210526315,0.8532475490505511
Boyd_silage,10yr,9,2.0413863760964914,1.7401842105263159,1.0246489495262239,0.5019377818546739,4.231315789473684,0.49586372383999056
Funcke_grain,10yr,2,0.4532442417448022,0.1373318385650224,0.4613752017518757,1.0179394667558768,2.108744394618834,1.49863140300441
Stout_grain,10yr,3,1.3162505231689088,0.4328531390134529,4.885123523648768,3.7113934145968663,7.301473094170403,1.6791875979540338
